<?xml version="1.0" encoding="UTF-8"?>
<GenRun Id="synth_1" LaunchPart="xc7a35tftg256-1" LaunchTime="1681203747">
  <File Type="PA-TCL" Name="au_top_0.tcl"/>
  <File Type="RDS-PROPCONSTRS" Name="au_top_0_drc_synth.rpt"/>
  <File Type="REPORTS-TCL" Name="au_top_0_reports.tcl"/>
  <File Type="RDS-RDS" Name="au_top_0.vds"/>
  <File Type="RDS-UTIL" Name="au_top_0_utilization_synth.rpt"/>
  <File Type="RDS-UTIL-PB" Name="au_top_0_utilization_synth.pb"/>
  <File Type="RDS-DCP" Name="au_top_0.dcp"/>
  <File Type="VDS-TIMINGSUMMARY" Name="au_top_0_timing_summary_synth.rpt"/>
  <File Type="VDS-TIMING-PB" Name="au_top_0_timing_summary_synth.pb"/>
  <FileSet Name="sources" Type="DesignSrcs" RelSrcDir="$PSRCDIR/sources_1" RelGenDir="$PGENDIR/sources_1">
    <Filter Type="Srcs"/>
    <File Path="$PSRCDIR/sources_1/imports/verilog/adder16_16.v">
      <FileInfo>
        <Attr Name="ImportPath" Val="$PPRDIR/../../verilog/adder16_16.v"/>
        <Attr Name="ImportTime" Val="1681203712"/>
        <Attr Name="UsedIn" Val="synthesis"/>
        <Attr Name="UsedIn" Val="implementation"/>
        <Attr Name="UsedIn" Val="simulation"/>
      </FileInfo>
    </File>
    <File Path="$PSRCDIR/sources_1/imports/verilog/alu16_12.v">
      <FileInfo>
        <Attr Name="ImportPath" Val="$PPRDIR/../../verilog/alu16_12.v"/>
        <Attr Name="ImportTime" Val="1681203712"/>
        <Attr Name="UsedIn" Val="synthesis"/>
        <Attr Name="UsedIn" Val="implementation"/>
        <Attr Name="UsedIn" Val="simulation"/>
      </FileInfo>
    </File>
    <File Path="$PSRCDIR/sources_1/imports/verilog/boolean16_17.v">
      <FileInfo>
        <Attr Name="ImportPath" Val="$PPRDIR/../../verilog/boolean16_17.v"/>
        <Attr Name="ImportTime" Val="1681203712"/>
        <Attr Name="UsedIn" Val="synthesis"/>
        <Attr Name="UsedIn" Val="implementation"/>
        <Attr Name="UsedIn" Val="simulation"/>
      </FileInfo>
    </File>
    <File Path="$PSRCDIR/sources_1/imports/verilog/button_conditioner_5.v">
      <FileInfo>
        <Attr Name="ImportPath" Val="$PPRDIR/../../verilog/button_conditioner_5.v"/>
        <Attr Name="ImportTime" Val="1681203712"/>
        <Attr Name="UsedIn" Val="synthesis"/>
        <Attr Name="UsedIn" Val="implementation"/>
        <Attr Name="UsedIn" Val="simulation"/>
      </FileInfo>
    </File>
    <File Path="$PSRCDIR/sources_1/imports/verilog/clocked_address_21.v">
      <FileInfo>
        <Attr Name="ImportPath" Val="$PPRDIR/../../verilog/clocked_address_21.v"/>
        <Attr Name="ImportTime" Val="1681203712"/>
        <Attr Name="UsedIn" Val="synthesis"/>
        <Attr Name="UsedIn" Val="implementation"/>
        <Attr Name="UsedIn" Val="simulation"/>
      </FileInfo>
    </File>
    <File Path="$PSRCDIR/sources_1/imports/verilog/comparator16_19.v">
      <FileInfo>
        <Attr Name="ImportPath" Val="$PPRDIR/../../verilog/comparator16_19.v"/>
        <Attr Name="ImportTime" Val="1681203712"/>
        <Attr Name="UsedIn" Val="synthesis"/>
        <Attr Name="UsedIn" Val="implementation"/>
        <Attr Name="UsedIn" Val="simulation"/>
      </FileInfo>
    </File>
    <File Path="$PSRCDIR/sources_1/imports/verilog/counter_23.v">
      <FileInfo>
        <Attr Name="ImportPath" Val="$PPRDIR/../../verilog/counter_23.v"/>
        <Attr Name="ImportTime" Val="1681203712"/>
        <Attr Name="UsedIn" Val="synthesis"/>
        <Attr Name="UsedIn" Val="implementation"/>
        <Attr Name="UsedIn" Val="simulation"/>
      </FileInfo>
    </File>
    <File Path="$PSRCDIR/sources_1/imports/verilog/counter_7.v">
      <FileInfo>
        <Attr Name="ImportPath" Val="$PPRDIR/../../verilog/counter_7.v"/>
        <Attr Name="ImportTime" Val="1681203712"/>
        <Attr Name="UsedIn" Val="synthesis"/>
        <Attr Name="UsedIn" Val="implementation"/>
        <Attr Name="UsedIn" Val="simulation"/>
      </FileInfo>
    </File>
    <File Path="$PSRCDIR/sources_1/imports/verilog/decimal_counter_15.v">
      <FileInfo>
        <Attr Name="ImportPath" Val="$PPRDIR/../../verilog/decimal_counter_15.v"/>
        <Attr Name="ImportTime" Val="1681203712"/>
        <Attr Name="UsedIn" Val="synthesis"/>
        <Attr Name="UsedIn" Val="implementation"/>
        <Attr Name="UsedIn" Val="simulation"/>
      </FileInfo>
    </File>
    <File Path="$PSRCDIR/sources_1/imports/verilog/decoder_9.v">
      <FileInfo>
        <Attr Name="ImportPath" Val="$PPRDIR/../../verilog/decoder_9.v"/>
        <Attr Name="ImportTime" Val="1681203712"/>
        <Attr Name="UsedIn" Val="synthesis"/>
        <Attr Name="UsedIn" Val="implementation"/>
        <Attr Name="UsedIn" Val="simulation"/>
      </FileInfo>
    </File>
    <File Path="$PSRCDIR/sources_1/imports/verilog/edge_detector_4.v">
      <FileInfo>
        <Attr Name="ImportPath" Val="$PPRDIR/../../verilog/edge_detector_4.v"/>
        <Attr Name="ImportTime" Val="1681203712"/>
        <Attr Name="UsedIn" Val="synthesis"/>
        <Attr Name="UsedIn" Val="implementation"/>
        <Attr Name="UsedIn" Val="simulation"/>
      </FileInfo>
    </File>
    <File Path="$PSRCDIR/sources_1/imports/verilog/game_Beta_2.v">
      <FileInfo>
        <Attr Name="ImportPath" Val="$PPRDIR/../../verilog/game_Beta_2.v"/>
        <Attr Name="ImportTime" Val="1681203712"/>
        <Attr Name="UsedIn" Val="synthesis"/>
        <Attr Name="UsedIn" Val="implementation"/>
        <Attr Name="UsedIn" Val="simulation"/>
      </FileInfo>
    </File>
    <File Path="$PSRCDIR/sources_1/imports/verilog/game_CU_v2_10.v">
      <FileInfo>
        <Attr Name="ImportPath" Val="$PPRDIR/../../verilog/game_CU_v2_10.v"/>
        <Attr Name="ImportTime" Val="1681203712"/>
        <Attr Name="UsedIn" Val="synthesis"/>
        <Attr Name="UsedIn" Val="implementation"/>
        <Attr Name="UsedIn" Val="simulation"/>
      </FileInfo>
    </File>
    <File Path="$PSRCDIR/sources_1/imports/verilog/game_regfile_v2_11.v">
      <FileInfo>
        <Attr Name="ImportPath" Val="$PPRDIR/../../verilog/game_regfile_v2_11.v"/>
        <Attr Name="ImportTime" Val="1681203712"/>
        <Attr Name="UsedIn" Val="synthesis"/>
        <Attr Name="UsedIn" Val="implementation"/>
        <Attr Name="UsedIn" Val="simulation"/>
      </FileInfo>
    </File>
    <File Path="$PSRCDIR/sources_1/imports/verilog/led_rom_20.v">
      <FileInfo>
        <Attr Name="ImportPath" Val="$PPRDIR/../../verilog/led_rom_20.v"/>
        <Attr Name="ImportTime" Val="1681203712"/>
        <Attr Name="UsedIn" Val="synthesis"/>
        <Attr Name="UsedIn" Val="implementation"/>
        <Attr Name="UsedIn" Val="simulation"/>
      </FileInfo>
    </File>
    <File Path="$PSRCDIR/sources_1/imports/verilog/level_generator_13.v">
      <FileInfo>
        <Attr Name="ImportPath" Val="$PPRDIR/../../verilog/level_generator_13.v"/>
        <Attr Name="ImportTime" Val="1681203712"/>
        <Attr Name="UsedIn" Val="synthesis"/>
        <Attr Name="UsedIn" Val="implementation"/>
        <Attr Name="UsedIn" Val="simulation"/>
      </FileInfo>
    </File>
    <File Path="$PSRCDIR/sources_1/imports/verilog/multi_dec_ctr_6.v">
      <FileInfo>
        <Attr Name="ImportPath" Val="$PPRDIR/../../verilog/multi_dec_ctr_6.v"/>
        <Attr Name="ImportTime" Val="1681203712"/>
        <Attr Name="UsedIn" Val="synthesis"/>
        <Attr Name="UsedIn" Val="implementation"/>
        <Attr Name="UsedIn" Val="simulation"/>
      </FileInfo>
    </File>
    <File Path="$PSRCDIR/sources_1/imports/verilog/multi_seven_seg_1.v">
      <FileInfo>
        <Attr Name="ImportPath" Val="$PPRDIR/../../verilog/multi_seven_seg_1.v"/>
        <Attr Name="ImportTime" Val="1681203712"/>
        <Attr Name="UsedIn" Val="synthesis"/>
        <Attr Name="UsedIn" Val="implementation"/>
        <Attr Name="UsedIn" Val="simulation"/>
      </FileInfo>
    </File>
    <File Path="$PSRCDIR/sources_1/imports/verilog/multiplier16_22.v">
      <FileInfo>
        <Attr Name="ImportPath" Val="$PPRDIR/../../verilog/multiplier16_22.v"/>
        <Attr Name="ImportTime" Val="1681203712"/>
        <Attr Name="UsedIn" Val="synthesis"/>
        <Attr Name="UsedIn" Val="implementation"/>
        <Attr Name="UsedIn" Val="simulation"/>
      </FileInfo>
    </File>
    <File Path="$PSRCDIR/sources_1/imports/verilog/pipeline_14.v">
      <FileInfo>
        <Attr Name="ImportPath" Val="$PPRDIR/../../verilog/pipeline_14.v"/>
        <Attr Name="ImportTime" Val="1681203712"/>
        <Attr Name="UsedIn" Val="synthesis"/>
        <Attr Name="UsedIn" Val="implementation"/>
        <Attr Name="UsedIn" Val="simulation"/>
      </FileInfo>
    </File>
    <File Path="$PSRCDIR/sources_1/imports/verilog/reset_conditioner_3.v">
      <FileInfo>
        <Attr Name="ImportPath" Val="$PPRDIR/../../verilog/reset_conditioner_3.v"/>
        <Attr Name="ImportTime" Val="1681203712"/>
        <Attr Name="UsedIn" Val="synthesis"/>
        <Attr Name="UsedIn" Val="implementation"/>
        <Attr Name="UsedIn" Val="simulation"/>
      </FileInfo>
    </File>
    <File Path="$PSRCDIR/sources_1/imports/verilog/seven_seg_8.v">
      <FileInfo>
        <Attr Name="ImportPath" Val="$PPRDIR/../../verilog/seven_seg_8.v"/>
        <Attr Name="ImportTime" Val="1681203712"/>
        <Attr Name="UsedIn" Val="synthesis"/>
        <Attr Name="UsedIn" Val="implementation"/>
        <Attr Name="UsedIn" Val="simulation"/>
      </FileInfo>
    </File>
    <File Path="$PSRCDIR/sources_1/imports/verilog/shifter16_18.v">
      <FileInfo>
        <Attr Name="ImportPath" Val="$PPRDIR/../../verilog/shifter16_18.v"/>
        <Attr Name="ImportTime" Val="1681203712"/>
        <Attr Name="UsedIn" Val="synthesis"/>
        <Attr Name="UsedIn" Val="implementation"/>
        <Attr Name="UsedIn" Val="simulation"/>
      </FileInfo>
    </File>
    <File Path="$PSRCDIR/sources_1/imports/verilog/au_top_0.v">
      <FileInfo>
        <Attr Name="ImportPath" Val="$PPRDIR/../../verilog/au_top_0.v"/>
        <Attr Name="ImportTime" Val="1681203712"/>
        <Attr Name="UsedIn" Val="synthesis"/>
        <Attr Name="UsedIn" Val="implementation"/>
        <Attr Name="UsedIn" Val="simulation"/>
      </FileInfo>
    </File>
    <Config>
      <Option Name="DesignMode" Val="RTL"/>
      <Option Name="TopModule" Val="au_top_0"/>
      <Option Name="TopAutoSet" Val="TRUE"/>
    </Config>
  </FileSet>
  <FileSet Name="constrs_in" Type="Constrs" RelSrcDir="$PSRCDIR/constrs_1">
    <Filter Type="Constrs"/>
    <File Path="$PPRDIR/../../constraint/alchitry.xdc">
      <FileInfo>
        <Attr Name="UsedIn" Val="synthesis"/>
        <Attr Name="UsedIn" Val="implementation"/>
      </FileInfo>
    </File>
    <File Path="$PPRDIR/../../../../../../../../../Program Files/Alchitry/Alchitry Labs/library/components/au.xdc">
      <FileInfo>
        <Attr Name="UsedIn" Val="synthesis"/>
        <Attr Name="UsedIn" Val="implementation"/>
      </FileInfo>
    </File>
    <File Path="$PPRDIR/../../constraint/io.xdc">
      <FileInfo>
        <Attr Name="UsedIn" Val="synthesis"/>
        <Attr Name="UsedIn" Val="implementation"/>
      </FileInfo>
    </File>
    <Config>
      <Option Name="ConstrsType" Val="XDC"/>
    </Config>
  </FileSet>
  <FileSet Name="utils" Type="Utils" RelSrcDir="$PSRCDIR/utils_1">
    <Filter Type="Utils"/>
    <Config>
      <Option Name="TopAutoSet" Val="TRUE"/>
    </Config>
  </FileSet>
  <Strategy Version="1" Minor="2">
    <StratHandle Name="Vivado Synthesis Defaults" Flow="Vivado Synthesis 2022">
      <Desc>Vivado Synthesis Defaults</Desc>
    </StratHandle>
    <Step Id="synth_design"/>
  </Strategy>
</GenRun>
